Company Rate,Company Name,Title,Location,Salary,Staus,Post Date,Job Link
3.7,Urban Science,"Analyst - New Grads (Data Analysis, SQL Client Consulting) Anticipated hiring July","Franklin, TN",$54K - $95K (Glassdoor est.),Actively Hiring,31/03/2021,https://www.glassdoor.com/partner/jobListing.htm?pos=101&ao=1045219&s=149&guid=00000178a4712a0ca97b15c128815090&src=GD_JOB_AD&t=SRFJ&vt=w&cs=1_5c858491&cb=1617666583379&jobListingId=3766833558
4.0,SullivanCotter,Data Quality Analyst I,"Minneapolis, MN",$46K - $82K (Glassdoor est.),Actively Hiring,30/03/2021,https://www.glassdoor.com/partner/jobListing.htm?pos=102&ao=1044074&s=149&guid=00000178a4712a0ca97b15c128815090&src=GD_JOB_AD&t=SRFJ&vt=w&cs=1_7c16e568&cb=1617666583380&jobListingId=4045772766
3.5,Centene Corporation,Data Analyst I - Regulatory Financial Reporting (Actuarial Dept.),"Mango, FL",$37K - $64K (Glassdoor est.),Actively Hiring,04/04/2021,https://www.glassdoor.com/partner/jobListing.htm?pos=103&ao=1044074&s=58&guid=00000178a4712a0c9f82898117084dfd&src=GD_JOB_AD&t=SR&vt=w&cs=1_9f4c58da&cb=1617666583381&jobListingId=4052396740
3.8,Liberty Mutual Insurance,"Analyst, Product Research/Analyst I, Data Science","Boston, MA",$47K - $92K (Glassdoor est.),Hiring Surge,02/04/2021,https://www.glassdoor.com/partner/jobListing.htm?pos=104&ao=1044074&s=58&guid=00000178a4712a0c9f82898117084dfd&src=GD_JOB_AD&t=SR&vt=w&cs=1_64c24a02&cb=1617666583382&jobListingId=4051277870
3.6,HKA Enterprises,Data Analyst I,"Haworth, NJ",,Hot,30/03/2021,https://www.glassdoor.com/partner/jobListing.htm?pos=105&ao=1044076&s=58&guid=00000178a4712a0c9f82898117084dfd&src=GD_JOB_AD&t=SR&vt=w&ea=1&cs=1_e639e37a&cb=1617666583382&jobListingId=4019141256
3.5,Acara Solutions,Data Analyst 1,"Iselin, NJ",,Hot,23/03/2021,https://www.glassdoor.com/partner/jobListing.htm?pos=106&ao=1044072&s=58&guid=00000178a4712a0c9f82898117084dfd&src=GD_JOB_AD&t=SR&vt=w&ea=1&cs=1_bd2665e3&cb=1617666583383&jobListingId=4040001833
4.3,Boston Scientific,Data Analytics Analyst I,"Arden Hills, MN",$42K - $74K (Glassdoor est.),New,04/04/2021,https://www.glassdoor.com/partner/jobListing.htm?pos=107&ao=643978&s=58&guid=00000178a4712a0c9f82898117084dfd&src=GD_JOB_AD&t=SR&vt=w&cs=1_5f9def52&cb=1617666583383&jobListingId=4052613548
4.6,Kani Solutions,Data Analyst (Entry Level),"California, MD",,New,02/04/2021,https://www.glassdoor.com/partner/jobListing.htm?pos=108&ao=1091454&s=58&guid=00000178a4712a0c9f82898117084dfd&src=GD_JOB_AD&t=SR&vt=w&ea=1&cs=1_a14eebf2&cb=1617666583383&jobListingId=4051448513
4.8,Hopjump,Entry Level Data Analyst,"Cambridge, MA",,Hot,01/04/2021,https://www.glassdoor.com/partner/jobListing.htm?pos=109&ao=1136006&s=58&guid=00000178a4712a0c9f82898117084dfd&src=GD_JOB_AD&t=SR&vt=w&ea=1&cs=1_109ea5d5&cb=1617666583383&jobListingId=3710085025
,Cobbs Creek Healthcare,Data Analyst - Entry Level,"Newtown Square Post Office, PA",,Hot,31/03/2021,https://www.glassdoor.com/partner/jobListing.htm?pos=110&ao=1091454&s=58&guid=00000178a4712a0c9f82898117084dfd&src=GD_JOB_AD&t=SR&vt=w&ea=1&cs=1_86c64342&cb=1617666583385&jobListingId=4021097350
4.3,Endeavor Business Media,Entry Level Data Analyst,Remote,,,26/03/2021,https://www.glassdoor.com/partner/jobListing.htm?pos=111&ao=4348&s=58&guid=00000178a4712a0c9f82898117084dfd&src=GD_JOB_AD&t=SR&vt=w&ea=1&cs=1_17b20fbb&cb=1617666583383&jobListingId=4044045658
2.1,Net Atlantic,Entry Level Data Analyst,"Salem, MA",$33K - $61K (Glassdoor est.),,19/03/2021,https://www.glassdoor.com/partner/jobListing.htm?pos=112&ao=1136006&s=58&guid=00000178a4712a0c9f82898117084dfd&src=GD_JOB_AD&t=SR&vt=w&cs=1_bc1aeaae&cb=1617666583383&jobListingId=4007154791
3.8,BlueCross BlueShield of South Carolina,Data Analyst I,"Columbia, SC",$51K - $89K (Glassdoor est.),,01/04/2021,https://www.glassdoor.com/partner/jobListing.htm?pos=113&ao=1091461&s=58&guid=00000178a4712a0c9f82898117084dfd&src=GD_JOB_AD&t=SR&vt=w&cs=1_69259ce9&cb=1617666583384&jobListingId=4048561494
3.0,Concentra,Data Center Operations Support Analyst I,"Addison, TX",$26K - $47K (Glassdoor est.),,23/03/2021,https://www.glassdoor.com/partner/jobListing.htm?pos=114&ao=1044077&s=58&guid=00000178a4712a0c9f82898117084dfd&src=GD_JOB_AD&t=SR&vt=w&ea=1&cs=1_b2d76885&cb=1617666583384&jobListingId=4040723073
4.4,McKinsey & Company,Analyst - Data Engineer (December 2020 - May 2021 Graduates),"Atlanta, GA",$47K - $84K (Glassdoor est.),Top Company,13/03/2021,https://www.glassdoor.com/partner/jobListing.htm?pos=115&ao=1091461&s=58&guid=00000178a4712a0c9f82898117084dfd&src=GD_JOB_AD&t=SR&vt=w&cs=1_22eb6b63&cb=1617666583384&jobListingId=4030842701
3.5,Oktana,Data Analyst I,"Indianapolis, IN",,,31/03/2021,https://www.glassdoor.com/partner/jobListing.htm?pos=116&ao=4341&s=58&guid=00000178a4712a0c9f82898117084dfd&src=GD_JOB_AD&t=SR&vt=w&ea=1&cs=1_53f08a32&cb=1617666583384&jobListingId=4048324182
4.4,Q-Centrix,Entry Level Business Analyst – Data & Analytics,"Chicago, IL",$38K - $71K (Glassdoor est.),Hiring Surge,12/03/2021,https://www.glassdoor.com/partner/jobListing.htm?pos=117&ao=1136006&s=58&guid=00000178a4712a0c9f82898117084dfd&src=GD_JOB_AD&t=SR&vt=w&cs=1_d0d8d6b9&cb=1617666583384&jobListingId=4029552041
3.4,Magellan Health,Data and Reporting Analyst I,United States,,,11/03/2021,https://www.glassdoor.com/partner/jobListing.htm?pos=118&ao=242900&s=58&guid=00000178a4712a0c9f82898117084dfd&src=GD_JOB_AD&t=SR&vt=w&cs=1_6a443aab&cb=1617666583384&jobListingId=3822965494
3.5,Applus RTD,Data Analyst 1,"Parma, MI",$31K - $55K (Glassdoor est.),,17/03/2021,https://www.glassdoor.com/partner/jobListing.htm?pos=119&ao=1136006&s=58&guid=00000178a4712a0c9f82898117084dfd&src=GD_JOB_AD&t=SR&vt=w&cs=1_184a1885&cb=1617666583385&jobListingId=4034691653
3.4,Black Knight,Data Analyst I,"Maitland, FL",$41K - $72K (Glassdoor est.),,23/03/2021,https://www.glassdoor.com/partner/jobListing.htm?pos=120&ao=1136006&s=58&guid=00000178a4712a0c9f82898117084dfd&src=GD_JOB_AD&t=SR&vt=w&cs=1_45bb7a5d&cb=1617666583385&jobListingId=4040555134
3.4,AmeriBen,Data Analyst I,"Meridian, ID",$33K - $60K (Glassdoor est.),,26/03/2021,https://www.glassdoor.com/partner/jobListing.htm?pos=121&ao=4484&s=58&guid=00000178a4712a0c9f82898117084dfd&src=GD_JOB_AD&t=SR&vt=w&ea=1&cs=1_680010fa&cb=1617666583385&jobListingId=4043403567
3.6,State Farm,Entry Level Data Analyst – DBA/DBSA,"Bloomington, IL",,,23/03/2021,https://www.glassdoor.com/partner/jobListing.htm?pos=122&ao=1136006&s=58&guid=00000178a4712a0c9f82898117084dfd&src=GD_JOB_AD&t=SR&vt=w&cs=1_637d66b4&cb=1617666583385&jobListingId=4010577222
3.5,UPMC,Data Analyst I,"Harrisburg, PA",$31K - $55K (Glassdoor est.),,03/04/2021,https://www.glassdoor.com/partner/jobListing.htm?pos=123&ao=1091461&s=58&guid=00000178a4712a0c9f82898117084dfd&src=GD_JOB_AD&t=SR&vt=w&cs=1_7bfbcf33&cb=1617666583385&jobListingId=4051656178
4.9,Ultra Mobile,Data Analyst I - Wholesale,"Costa Mesa, CA",,,30/03/2021,https://www.glassdoor.com/partner/jobListing.htm?pos=124&ao=1136006&s=58&guid=00000178a4712a0c9f82898117084dfd&src=GD_JOB_AD&t=SR&vt=w&cs=1_8b470807&cb=1617666583385&jobListingId=4018965152
4.7,Nvoicepay,Data Analyst I,"Beaverton, OR",$47K - $87K (Glassdoor est.),,16/03/2021,https://www.glassdoor.com/partner/jobListing.htm?pos=125&ao=66506&s=58&guid=00000178a4712a0c9f82898117084dfd&src=GD_JOB_AD&t=SR&vt=w&ea=1&cs=1_0b8c8e83&cb=1617666583386&jobListingId=4033514763
3.9,Edupoint,SQL Data Analyst I,"Mesa, AZ",$32K - $61K (Glassdoor est.),,01/04/2021,https://www.glassdoor.com/partner/jobListing.htm?pos=126&ao=4348&s=58&guid=00000178a4712a0c9f82898117084dfd&src=GD_JOB_AD&t=SR&vt=w&ea=1&cs=1_d8f4d629&cb=1617666583386&jobListingId=3816696787
,ION,Entry Level Data Analyst - 4487,"New York, NY",,,10/03/2021,https://www.glassdoor.com/partner/jobListing.htm?pos=127&ao=1136006&s=58&guid=00000178a4712a0c9f82898117084dfd&src=GD_JOB_AD&t=SR&vt=w&cs=1_ce29daac&cb=1617666583387&jobListingId=4027666354
2.6,Terra Universal Inc,Data Analyst (Entry Level),"Fullerton, CA",$33K - $61K (Glassdoor est.),,09/03/2021,https://www.glassdoor.com/partner/jobListing.htm?pos=128&ao=1136006&s=58&guid=00000178a4712a0c9f82898117084dfd&src=GD_JOB_AD&t=SR&vt=w&ea=1&cs=1_18125cfa&cb=1617666583386&jobListingId=4026471485
4.1,International Center for Language Studies,Data Analyst I,"Arlington, VA",$63K - $72K (Glassdoor est.),,16/03/2021,https://www.glassdoor.com/partner/jobListing.htm?pos=129&ao=4346&s=58&guid=00000178a4712a0c9f82898117084dfd&src=GD_JOB_AD&t=SR&vt=w&cs=1_fa75760f&cb=1617666583386&jobListingId=3723487177
3.8,EchoStar,Entry Level Business Intelligence and Data Analyst Engineer,"Germantown, MD",$46K - $79K (Glassdoor est.),,26/03/2021,https://www.glassdoor.com/partner/jobListing.htm?pos=130&ao=1091461&s=58&guid=00000178a4712a0c9f82898117084dfd&src=GD_JOB_AD&t=SR&vt=w&cs=1_57bb01fa&cb=1617666583386&jobListingId=4043923286
3.5,Carolina Complete Health,Data Analyst I,"Charlotte, NC",$37K - $63K (Glassdoor est.),,01/04/2021,https://www.glassdoor.com/partner/jobListing.htm?pos=201&ao=291823&s=58&guid=00000178a471e1a688782fb0ff22361d&src=GD_JOB_AD&t=SR&vt=w&cs=1_1d71fd1f&cb=1617666630243&jobListingId=4048908980
3.9,Luminex,Scientist Level 1 - Data Analyst - US,"Northbrook, IL",$52K - $88K (Glassdoor est.),Hot,27/03/2021,https://www.glassdoor.com/partner/jobListing.htm?pos=202&ao=1136006&s=58&guid=00000178a471e1a688782fb0ff22361d&src=GD_JOB_AD&t=SR&vt=w&ea=1&cs=1_ec2d086e&cb=1617666630243&jobListingId=4015669670
4.1,Massachusetts General Hospital(MGH),Data Analyst I,"Boston, MA",$45K - $77K (Glassdoor est.),Top Company,03/04/2021,https://www.glassdoor.com/partner/jobListing.htm?pos=203&ao=25073&s=58&guid=00000178a471e1a688782fb0ff22361d&src=GD_JOB_AD&t=SR&vt=w&cs=1_ae23eecd&cb=1617666630245&jobListingId=4051850178
3.7,CareSource,Pharmacy Data Analyst I,"Dayton, OH",$56K - $95K (Glassdoor est.),Hiring Surge,24/03/2021,https://www.glassdoor.com/partner/jobListing.htm?pos=204&ao=242900&s=58&guid=00000178a471e1a688782fb0ff22361d&src=GD_JOB_AD&t=SR&vt=w&cs=1_4c09cdda&cb=1617666630245&jobListingId=4012884581
,Mint Mobile,Data Analyst I - Wholesale,United States,,,29/03/2021,https://www.glassdoor.com/partner/jobListing.htm?pos=205&ao=8095&s=58&guid=00000178a471e1a688782fb0ff22361d&src=GD_JOB_AD&t=SR&vt=w&cs=1_e86eeca9&cb=1617666630245&jobListingId=4018243933
3.6,Community Medical Centers Inc,Data Analyst I,"Stockton, CA",,Hot,11/03/2021,https://www.glassdoor.com/partner/jobListing.htm?pos=206&ao=1136006&s=58&guid=00000178a471e1a688782fb0ff22361d&src=GD_JOB_AD&t=SR&vt=w&ea=1&cs=1_93b7212b&cb=1617666630246&jobListingId=3748278028
3.7,,Information Technology (IT)/Data Analyst - Entry Level,"Arlington, VA",,Hot,30/03/2021,https://www.glassdoor.com/partner/jobListing.htm?pos=207&ao=1091461&s=58&guid=00000178a471e1a688782fb0ff22361d&src=GD_JOB_AD&t=SR&vt=w&ea=1&cs=1_19c20cec&cb=1617666630247&jobListingId=4046800357
,Quantum Technologies Inc.,Entry Level Data Analyst,"Falls Church, VA",,Hot,18/03/2021,https://www.glassdoor.com/partner/jobListing.htm?pos=208&ao=1091454&s=58&guid=00000178a471e1a688782fb0ff22361d&src=GD_JOB_AD&t=SR&vt=w&ea=1&cs=1_d47f6818&cb=1617666630248&jobListingId=4035572531
4.5,Visual Connections,Data Analyst I,"Chevy Chase, MD",,New,02/04/2021,https://www.glassdoor.com/partner/jobListing.htm?pos=209&ao=1091461&s=58&guid=00000178a471e1a688782fb0ff22361d&src=GD_JOB_AD&t=SR&vt=w&cs=1_fe835d9b&cb=1617666630249&jobListingId=4022518397
3.8,Cambia Health,"Data Reporting Analyst I or II, DOE","Portland, OR",$52K - $110K (Glassdoor est.),New,04/04/2021,https://www.glassdoor.com/partner/jobListing.htm?pos=210&ao=25073&s=58&guid=00000178a471e1a688782fb0ff22361d&src=GD_JOB_AD&t=SR&vt=w&cs=1_e263c326&cb=1617666630249&jobListingId=4052145098
4.8,Datasync Techonlogies Inc,Data Analyst DA21-1,"Tysons Corner, VA",,,01/04/2021,https://www.glassdoor.com/partner/jobListing.htm?pos=211&ao=926135&s=58&guid=00000178a471e1a688782fb0ff22361d&src=GD_JOB_AD&t=SR&vt=w&cs=1_b647b607&cb=1617666630249&jobListingId=3816732622
,Lead Gen Consultings,Entry Level Data Analyst,"Houston, TX",,,09/03/2021,https://www.glassdoor.com/partner/jobListing.htm?pos=212&ao=315495&s=58&guid=00000178a471e1a688782fb0ff22361d&src=GD_JOB_AD&t=SR&vt=w&cs=1_240f68d4&cb=1617666630249&jobListingId=3794847328
4.9,Cypress HCM,Data Analyst I,"Tampa, FL",,,16/03/2021,https://www.glassdoor.com/partner/jobListing.htm?pos=213&ao=9619&s=58&guid=00000178a471e1a688782fb0ff22361d&src=GD_JOB_AD&t=SR&vt=w&cs=1_4163f0c5&cb=1617666630249&jobListingId=4033839244
3.9,KGS Technology Group Inc,Entry Level Data Analyst,"Washington, DC",,,10/03/2021,https://www.glassdoor.com/partner/jobListing.htm?pos=214&ao=4134&s=58&guid=00000178a471e1a688782fb0ff22361d&src=GD_JOB_AD&t=SR&vt=w&cs=1_e7f83267&cb=1617666630249&jobListingId=4028142081
3.7,Align,Entry Level Data Center Analyst,"Dallas, TX",,,17/03/2021,https://www.glassdoor.com/partner/jobListing.htm?pos=215&ao=4128&s=58&guid=00000178a471e1a688782fb0ff22361d&src=GD_JOB_AD&t=SR&vt=w&cs=1_1c0ad964&cb=1617666630249&jobListingId=4034617681
3.8,Agama Solutions,Business/Data Analyst (Entry Level),North Carolina,,,17/03/2021,https://www.glassdoor.com/partner/jobListing.htm?pos=216&ao=1091461&s=58&guid=00000178a471e1a688782fb0ff22361d&src=GD_JOB_AD&t=SR&vt=w&cs=1_d317e20e&cb=1617666630250&jobListingId=4034979810
3.8,Choctaw Nation,Data Analyst 1,"Durant, OK",$36K - $63K (Glassdoor est.),,16/03/2021,https://www.glassdoor.com/partner/jobListing.htm?pos=217&ao=1136006&s=58&guid=00000178a471e1a688782fb0ff22361d&src=GD_JOB_AD&t=SR&vt=w&cs=1_0980f62f&cb=1617666630250&jobListingId=4033670009
4.6,CCS Global Tech,Recent Graduate | Business Intelligence / Data Analyst | Entry Level,"Seattle, WA",$34K - $63K (Glassdoor est.),,30/03/2021,https://www.glassdoor.com/partner/jobListing.htm?pos=218&ao=1136006&s=58&guid=00000178a471e1a688782fb0ff22361d&src=GD_JOB_AD&t=SR&vt=w&ea=1&cs=1_4f2c359e&cb=1617666630250&jobListingId=4047030520
,Hashi Solutions,Data Analyst I,"Herndon, VA",,,16/03/2021,https://www.glassdoor.com/partner/jobListing.htm?pos=219&ao=1091461&s=58&guid=00000178a471e1a688782fb0ff22361d&src=GD_JOB_AD&t=SR&vt=w&cs=1_e65ebf07&cb=1617666630250&jobListingId=3778256154
4.3,"Dovel Technologies, LLC",HR Data Analyst I,"McLean, VA",$40K - $75K (Glassdoor est.),,27/03/2021,https://www.glassdoor.com/partner/jobListing.htm?pos=220&ao=1091461&s=58&guid=00000178a471e1a688782fb0ff22361d&src=GD_JOB_AD&t=SR&vt=w&cs=1_b7c9e4e1&cb=1617666630250&jobListingId=4044250395
3.8,Diakont,Data Integrity Analyst I,"Carlsbad, CA",$40K - $75K (Glassdoor est.),,12/03/2021,https://www.glassdoor.com/partner/jobListing.htm?pos=221&ao=1136006&s=58&guid=00000178a471e1a688782fb0ff22361d&src=GD_JOB_AD&t=SR&vt=w&ea=1&cs=1_fb388e99&cb=1617666630250&jobListingId=4030142003
,Active/Balanced Healthcare Receivables,Data Analyst I,"Nashua, NH",,,30/03/2021,https://www.glassdoor.com/partner/jobListing.htm?pos=222&ao=1136006&s=58&guid=00000178a471e1a688782fb0ff22361d&src=GD_JOB_AD&t=SR&vt=w&ea=1&cs=1_ced78717&cb=1617666630250&jobListingId=4045989076
3.8,Milestone Technologies,Data Analyst I - Automation,"Fremont, CA",$65K - $118K (Glassdoor est.),Hiring Surge,03/04/2021,https://www.glassdoor.com/partner/jobListing.htm?pos=223&ao=1136006&s=58&guid=00000178a471e1a688782fb0ff22361d&src=GD_JOB_AD&t=SR&vt=w&ea=1&cs=1_04679aee&cb=1617666630250&jobListingId=4051736054
3.0,Cadence Bank,Data Privacy Analyst I,"Birmingham, AL",$35K - $60K (Glassdoor est.),,25/03/2021,https://www.glassdoor.com/partner/jobListing.htm?pos=224&ao=1091461&s=58&guid=00000178a471e1a688782fb0ff22361d&src=GD_JOB_AD&t=SR&vt=w&cs=1_b1a4413a&cb=1617666630251&jobListingId=4013462410
3.8,ABC Financial,Data Analyst I,Remote,,,31/03/2021,https://www.glassdoor.com/partner/jobListing.htm?pos=225&ao=242900&s=58&guid=00000178a471e1a688782fb0ff22361d&src=GD_JOB_AD&t=SR&vt=w&cs=1_9366773f&cb=1617666630251&jobListingId=4048244983
5.0,kiranam technologies,Data Analyst I,"Knoxville, TN",,,18/03/2021,https://www.glassdoor.com/partner/jobListing.htm?pos=226&ao=1136006&s=58&guid=00000178a471e1a688782fb0ff22361d&src=GD_JOB_AD&t=SR&vt=w&cs=1_801d9f18&cb=1617666630251&jobListingId=3670295443
3.3,TRIPLE CANOPY INC,Data Analyst I - FPS MC,"Philadelphia, PA",$64K - $108K (Glassdoor est.),,31/03/2021,https://www.glassdoor.com/partner/jobListing.htm?pos=227&ao=1091461&s=58&guid=00000178a471e1a688782fb0ff22361d&src=GD_JOB_AD&t=SR&vt=w&cs=1_121e37ee&cb=1617666630251&jobListingId=4021153199
3.5,Reynolds and Reynolds,Entry Level Data Conversion Analyst,"Dayton, OH",$33K - $61K (Glassdoor est.),New,03/04/2021,https://www.glassdoor.com/partner/jobListing.htm?pos=228&ao=180628&s=58&guid=00000178a471e1a688782fb0ff22361d&src=GD_JOB_AD&t=SR&vt=w&cs=1_9dec22aa&cb=1617666630251&jobListingId=3818436460
,CCS Global Tech,Full Time Job /Data analyst / Entry Level/Training,"Washington, DC",,,31/03/2021,https://www.glassdoor.com/partner/jobListing.htm?pos=229&ao=1091454&s=58&guid=00000178a471e1a688782fb0ff22361d&src=GD_JOB_AD&t=SR&vt=w&ea=1&cs=1_16220abc&cb=1617666630252&jobListingId=4047917531
4.1,"Yardi Systems, Inc.",Data Analyst I,"Waltham, MA",$30K - $56K (Glassdoor est.),,24/03/2021,https://www.glassdoor.com/partner/jobListing.htm?pos=230&ao=1136006&s=58&guid=00000178a471e1a688782fb0ff22361d&src=GD_JOB_AD&t=SR&vt=w&cs=1_cc7bb92b&cb=1617666630252&jobListingId=4012208356
3.7,OnePartner,Data Analyst I,"Kingsport, TN",,,18/03/2021,https://www.glassdoor.com/partner/jobListing.htm?pos=301&ao=1136006&s=58&guid=00000178a4728d44985146f7e82e72b9&src=GD_JOB_AD&t=SR&vt=w&cs=1_99054e5c&cb=1617666674163&jobListingId=3670500693
3.6,Liberty University,Business Data Analyst I,"Lynchburg, VA",$22K - $42K (Glassdoor est.),,18/03/2021,https://www.glassdoor.com/partner/jobListing.htm?pos=302&ao=1091461&s=58&guid=00000178a4728d44985146f7e82e72b9&src=GD_JOB_AD&t=SR&vt=w&cs=1_8db727bb&cb=1617666674164&jobListingId=3669737665
3.7,Contegix,Data Center Analyst I,"Wyomissing, PA",$34K - $82K (Glassdoor est.),,31/03/2021,https://www.glassdoor.com/partner/jobListing.htm?pos=303&ao=4128&s=58&guid=00000178a4728d44985146f7e82e72b9&src=GD_JOB_AD&t=SR&vt=w&cs=1_bb81e09b&cb=1617666674164&jobListingId=4020516148
3.9,Blue Cross Blue Shield of Arizona,Analyst - Analytics and Data Science I-III (SAS Experience),Arizona,,,29/03/2021,https://www.glassdoor.com/partner/jobListing.htm?pos=304&ao=1136006&s=58&guid=00000178a4728d44985146f7e82e72b9&src=GD_JOB_AD&t=SR&vt=w&cs=1_4e6a35b6&cb=1617666674165&jobListingId=4045615530
3.5,JanX,Data Analyst 1,"Parma, MI",,Hot,17/03/2021,https://www.glassdoor.com/partner/jobListing.htm?pos=305&ao=25073&s=58&guid=00000178a4728d44985146f7e82e72b9&src=GD_JOB_AD&t=SR&vt=w&cs=1_42513711&cb=1617666674166&jobListingId=4034574714
4.1,Garmin,Aeronautical Data Analyst 1,Illinois,,Hiring Surge,19/03/2021,https://www.glassdoor.com/partner/jobListing.htm?pos=306&ao=3839&s=58&guid=00000178a4728d44985146f7e82e72b9&src=GD_JOB_AD&t=SR&vt=w&cs=1_f8b46bb3&cb=1617666674167&jobListingId=4006682973
4.4,City and County of Honolulu,DATA PROCESSING SYSTEMS ANALYST I (SR-20),"Honolulu, HI",,,31/03/2021,https://www.glassdoor.com/partner/jobListing.htm?pos=307&ao=928437&s=58&guid=00000178a4728d44985146f7e82e72b9&src=GD_JOB_AD&t=SR&vt=w&cs=1_b671f0dc&cb=1617666674167&jobListingId=2376291980
2.9,CorTech,Data Analyst 1 (CS - AP - DAANL - PR09),"Iselin, NJ",$38K - $70K (Glassdoor est.),Hot,23/03/2021,https://www.glassdoor.com/partner/jobListing.htm?pos=308&ao=1044072&s=58&guid=00000178a4728d44985146f7e82e72b9&src=GD_JOB_AD&t=SR&vt=w&cs=1_3afe7f91&cb=1617666674167&jobListingId=4040833922
3.7,Nvoicepay,Data Analyst I,"Beaverton, OR",$43K - $74K (Glassdoor est.),Hot,16/03/2021,https://www.glassdoor.com/partner/jobListing.htm?pos=309&ao=1136006&s=58&guid=00000178a4728d44985146f7e82e72b9&src=GD_JOB_AD&t=SR&vt=w&ea=1&cs=1_8b462881&cb=1617666674168&jobListingId=4033896504
3.2,The Hillman Group,MDM Data Analyst I,"Rome, GA",$29K - $54K (Glassdoor est.),,12/03/2021,https://www.glassdoor.com/partner/jobListing.htm?pos=310&ao=1091461&s=58&guid=00000178a4728d44985146f7e82e72b9&src=GD_JOB_AD&t=SR&vt=w&ea=1&cs=1_99839c88&cb=1617666674169&jobListingId=3720895973
2.2,"Tarzana Treatment Centers, Inc",Data Analyst I,"Los Angeles, CA",$55K - $62K (Glassdoor est.),,30/03/2021,https://www.glassdoor.com/partner/jobListing.htm?pos=311&ao=926135&s=58&guid=00000178a4728d44985146f7e82e72b9&src=GD_JOB_AD&t=SR&vt=w&cs=1_52f1ffef&cb=1617666674170&jobListingId=3814819035
4.0,Cox Communications Inc,Data Analyst I - Cox Business Indirect Sales,"Las Vegas, NV",$42K - $72K (Glassdoor est.),New,03/04/2021,https://www.glassdoor.com/partner/jobListing.htm?pos=312&ao=136590&s=58&guid=00000178a4728d44985146f7e82e72b9&src=GD_JOB_AD&t=SR&vt=w&cs=1_a850deaf&cb=1617666674170&jobListingId=4051563512
4.1,Ally Financial Inc.,Analyst I - Data Analytics,"Detroit, MI",$50K - $85K (Glassdoor est.),Actively Hiring,20/03/2021,https://www.glassdoor.com/partner/jobListing.htm?pos=313&ao=1044074&s=58&guid=00000178a4728d44985146f7e82e72b9&src=GD_JOB_AD&t=SR&vt=w&cs=1_c913638a&cb=1617666674170&jobListingId=4037866845
5.0,xentity corporation,Data Analyst I,"Denver, CO",,,02/04/2021,https://www.glassdoor.com/partner/jobListing.htm?pos=314&ao=1136006&s=58&guid=00000178a4728d44985146f7e82e72b9&src=GD_JOB_AD&t=SR&vt=w&ea=1&cs=1_b0e6f7ac&cb=1617666674170&jobListingId=4022504680
3.8,FIS Global,"Statistician-Data Analyst I, FIS University Program","Woodbury, MN",$36K - $62K (Glassdoor est.),,10/03/2021,https://www.glassdoor.com/partner/jobListing.htm?pos=315&ao=839935&s=58&guid=00000178a4728d44985146f7e82e72b9&src=GD_JOB_AD&t=SR&vt=w&cs=1_ffd5ed5e&cb=1617666674171&jobListingId=3821757546
4.6,CCS Global Tech,Recent Graduate| Data Analyst | Entry Level,"Lansing, MI",$29K - $53K (Glassdoor est.),,30/03/2021,https://www.glassdoor.com/partner/jobListing.htm?pos=316&ao=1136006&s=58&guid=00000178a4728d44985146f7e82e72b9&src=GD_JOB_AD&t=SR&vt=w&ea=1&cs=1_4cceba42&cb=1617666674171&jobListingId=4047035457
3.8,Cambia Health,"Journi Data Analyst - I, II, or III","Lewiston, ID",$54K - $94K (Glassdoor est.),New,03/04/2021,https://www.glassdoor.com/partner/jobListing.htm?pos=317&ao=25073&s=58&guid=00000178a4728d44985146f7e82e72b9&src=GD_JOB_AD&t=SR&vt=w&cs=1_ea494ff3&cb=1617666674171&jobListingId=4051777370
3.9,Brigham and Women's Hospital,DATA ANALYST I,"Boston, MA",$53K - $60K (Glassdoor est.),,30/03/2021,https://www.glassdoor.com/partner/jobListing.htm?pos=318&ao=3839&s=58&guid=00000178a4728d44985146f7e82e72b9&src=GD_JOB_AD&t=SR&vt=w&cs=1_bbd8b9c0&cb=1617666674171&jobListingId=3813602510
,CCS Global Tech,Junior Data Analyst / Entry Level / Training,"Poway, CA",,,09/03/2021,https://www.glassdoor.com/partner/jobListing.htm?pos=319&ao=1136006&s=58&guid=00000178a4728d44985146f7e82e72b9&src=GD_JOB_AD&t=SR&vt=w&ea=1&cs=1_501251b7&cb=1617666674171&jobListingId=4026475847
3.4,The State of Florida,Data Analyst - OPS - 60933125 1,"Tallahassee, FL",$29K - $52K (Glassdoor est.),New,02/04/2021,https://www.glassdoor.com/partner/jobListing.htm?pos=320&ao=1136006&s=58&guid=00000178a4728d44985146f7e82e72b9&src=GD_JOB_AD&t=SR&vt=w&cs=1_6ca75f8f&cb=1617666674171&jobListingId=4051319165
,CCS Global Tech,Data Analyst | Entry Level | Training,"San Diego, CA",,,01/04/2021,https://www.glassdoor.com/partner/jobListing.htm?pos=321&ao=1136006&s=58&guid=00000178a4728d44985146f7e82e72b9&src=GD_JOB_AD&t=SR&vt=w&ea=1&cs=1_acf04b6f&cb=1617666674171&jobListingId=4048893486
3.8,Capgemini,DALLAS Campus Recruiting 2018 - I&D - Data Analyst,"Dallas, TX",$69K - $81K (Glassdoor est.),Hot,11/03/2021,https://www.glassdoor.com/partner/jobListing.htm?pos=322&ao=3839&s=58&guid=00000178a4728d44985146f7e82e72b9&src=GD_JOB_AD&t=SR&vt=w&cs=1_2f7d2f62&cb=1617666674172&jobListingId=3491045400
3.6,State Farm,Entry Level Data Analyst DBA/DBSA,"Bloomington, IL",$42K - $73K (Glassdoor est.),,22/03/2021,https://www.glassdoor.com/partner/jobListing.htm?pos=323&ao=37049&s=58&guid=00000178a4728d44985146f7e82e72b9&src=GD_JOB_AD&t=SR&vt=w&cs=1_e69d5ce5&cb=1617666674172&jobListingId=4010363709
3.9,RELX Group,Data Analyst I - Unix Command Line,"Alpharetta, GA",$33K - $59K (Glassdoor est.),New,03/04/2021,https://www.glassdoor.com/partner/jobListing.htm?pos=324&ao=1091461&s=58&guid=00000178a4728d44985146f7e82e72b9&src=GD_JOB_AD&t=SR&vt=w&cs=1_08d3c559&cb=1617666674172&jobListingId=4051461095
4.0,Keyrus USA,Data Technology Analyst (Summer 2021 Start Date),"Washington, DC",$44K - $62K (Glassdoor est.),,02/04/2021,https://www.glassdoor.com/partner/jobListing.htm?pos=325&ao=1091461&s=58&guid=00000178a4728d44985146f7e82e72b9&src=GD_JOB_AD&t=SR&vt=w&cs=1_897c70bc&cb=1617666674172&jobListingId=3767994147
4.5,SALI Fund Services,Business Data Analyst (Entry-Level),"Austin, TX",,,24/03/2021,https://www.glassdoor.com/partner/jobListing.htm?pos=326&ao=1136006&s=58&guid=00000178a4728d44985146f7e82e72b9&src=GD_JOB_AD&t=SR&vt=w&ea=1&cs=1_30af02a0&cb=1617666674172&jobListingId=4041730441
,CRJ Programs,Data Analyst I,United States,,,23/03/2021,https://www.glassdoor.com/partner/jobListing.htm?pos=327&ao=1020558&s=58&guid=00000178a4728d44985146f7e82e72b9&src=GD_JOB_AD&t=SR&vt=w&cs=1_62c748bf&cb=1617666674172&jobListingId=4041036359
3.6,San Manuel Casino,Data Analyst I,"Highland, CA",$47K - $57K (Glassdoor est.),,30/03/2021,https://www.glassdoor.com/partner/jobListing.htm?pos=328&ao=1136006&s=58&guid=00000178a4728d44985146f7e82e72b9&src=GD_JOB_AD&t=SR&vt=w&cs=1_26e6449c&cb=1617666674173&jobListingId=3765240120
,Datasync Techonlogies Inc,Data Analyst DA21-1,"Reston, VA",,,01/04/2021,https://www.glassdoor.com/partner/jobListing.htm?pos=329&ao=1091461&s=58&guid=00000178a4728d44985146f7e82e72b9&src=GD_JOB_AD&t=SR&vt=w&ea=1&cs=1_93b3f259&cb=1617666674173&jobListingId=3816940915
4.3,Langan Engineering and Environmental Services,Environmental Data Analyst - 1 to 5 Years Experience,"New York, NY",$42K - $76K (Glassdoor est.),Hiring Surge,08/03/2021,https://www.glassdoor.com/partner/jobListing.htm?pos=330&ao=974934&s=58&guid=00000178a4728d44985146f7e82e72b9&src=GD_JOB_AD&t=SR&vt=w&cs=1_61a29379&cb=1617666674173&jobListingId=4025243126
,RA Solutions,Entry Level Data Analyst,"Angola, IN",,,31/03/2021,https://www.glassdoor.com/partner/jobListing.htm?pos=401&ao=1136006&s=58&guid=00000178a4733f56ab6da25debdb1636&src=GD_JOB_AD&t=SR&vt=w&ea=1&cs=1_60499565&cb=1617666719716&jobListingId=4047118558
4.1,Massachusetts General Hospital(MGH),Data Analyst I / 40 Hours / Day / Department of Psychiatry,"Boston, MA",$45K - $77K (Glassdoor est.),Top Company,03/04/2021,https://www.glassdoor.com/partner/jobListing.htm?pos=402&ao=25073&s=58&guid=00000178a4733f56ab6da25debdb1636&src=GD_JOB_AD&t=SR&vt=w&cs=1_8f03be07&cb=1617666719717&jobListingId=4051850884
,One Partner LLC,Data Analyst I,"Kingsport, TN",,,18/03/2021,https://www.glassdoor.com/partner/jobListing.htm?pos=403&ao=1136006&s=58&guid=00000178a4733f56ab6da25debdb1636&src=GD_JOB_AD&t=SR&vt=w&ea=1&cs=1_b11d9dab&cb=1617666719722&jobListingId=3670500832
3.5,Ryder,Data Analyst - Warehousing - Entry Level - Multiple Shifts,"Austin, TX",,Hot,25/03/2021,https://www.glassdoor.com/partner/jobListing.htm?pos=404&ao=1136006&s=58&guid=00000178a4733f56ab6da25debdb1636&src=GD_JOB_AD&t=SR&vt=w&cs=1_bdd46b85&cb=1617666719720&jobListingId=4013650966
3.8,USAA,Information Management Analyst I (Data Quality Analyst),"San Antonio, TX",$57K - $99K (Glassdoor est.),New,02/04/2021,https://www.glassdoor.com/partner/jobListing.htm?pos=405&ao=133350&s=58&guid=00000178a4733f56ab6da25debdb1636&src=GD_JOB_AD&t=SR&vt=w&cs=1_9488f090&cb=1617666719722&jobListingId=4023242006
3.6,Mount Sinai,"Data Analyst I, Division of Pulmonary Medicine","New York, NY",$37K - $66K (Glassdoor est.),,,https://www.glassdoor.com/partner/jobListing.htm?pos=406&ao=1136006&s=58&guid=00000178a4733f56ab6da25debdb1636&src=GD_JOB_AD&t=SR&vt=w&cs=1_9ff552f5&cb=1617666719723&jobListingId=3780297370
3.4,Granite Telecommunications,Database Data Analyst Level 1,"Quincy, MA",,Hiring Surge,09/03/2021,https://www.glassdoor.com/partner/jobListing.htm?pos=407&ao=3949&s=58&guid=00000178a4733f56ab6da25debdb1636&src=GD_JOB_AD&t=SR&vt=w&cs=1_359984a7&cb=1617666719723&jobListingId=4025317956
3.6,Mount Sinai,"Data Analyst I, Neurosciences","New York, NY",$35K - $63K (Glassdoor est.),Hot,19/03/2021,https://www.glassdoor.com/partner/jobListing.htm?pos=408&ao=1136006&s=58&guid=00000178a4733f56ab6da25debdb1636&src=GD_JOB_AD&t=SR&vt=w&cs=1_37c53c90&cb=1617666719723&jobListingId=4037625913
3.5,AmerisourceBergen,Master Data Analyst I,"Conshohocken, PA",$50K - $87K (Glassdoor est.),Hiring Surge,18/03/2021,https://www.glassdoor.com/partner/jobListing.htm?pos=409&ao=3839&s=58&guid=00000178a4733f56ab6da25debdb1636&src=GD_JOB_AD&t=SR&vt=w&cs=1_c3144728&cb=1617666719723&jobListingId=4036455516
3.6,Mount Sinai,Quality Data Analyst I-Cardiology,"New York, NY",$43K - $73K (Glassdoor est.),New,03/04/2021,https://www.glassdoor.com/partner/jobListing.htm?pos=410&ao=1136006&s=58&guid=00000178a4733f56ab6da25debdb1636&src=GD_JOB_AD&t=SR&vt=w&cs=1_2ce51c5f&cb=1617666719723&jobListingId=4051890737
2.5,Hydromax USA,Data Analyst I,"Louisville, KY",$26K - $48K (Glassdoor est.),,27/03/2021,https://www.glassdoor.com/partner/jobListing.htm?pos=411&ao=1136006&s=58&guid=00000178a4733f56ab6da25debdb1636&src=GD_JOB_AD&t=SR&vt=w&ea=1&cs=1_3c2f4698&cb=1617666719723&jobListingId=4044582299
3.4,Constellis,Data Analyst I - FPS MC,"Philadelphia, PA",$45K - $80K (Glassdoor est.),,31/03/2021,https://www.glassdoor.com/partner/jobListing.htm?pos=412&ao=37049&s=58&guid=00000178a4733f56ab6da25debdb1636&src=GD_JOB_AD&t=SR&vt=w&cs=1_3ea73443&cb=1617666719724&jobListingId=4020919053
3.6,pureIntegration,"Data Analyst I, Marketing - Content Engagement","Philadelphia, PA",$41K - $75K (Glassdoor est.),,18/03/2021,https://www.glassdoor.com/partner/jobListing.htm?pos=413&ao=8095&s=58&guid=00000178a4733f56ab6da25debdb1636&src=GD_JOB_AD&t=SR&vt=w&ea=1&cs=1_90506d73&cb=1617666719724&jobListingId=3726144213
4.0,JT4,Data Analyst I,"Edwards, CA",,,27/03/2021,https://www.glassdoor.com/partner/jobListing.htm?pos=414&ao=1136006&s=58&guid=00000178a4733f56ab6da25debdb1636&src=GD_JOB_AD&t=SR&vt=w&cs=1_ef5ae8b4&cb=1617666719724&jobListingId=4015882353
2.8,Providence,Healthcare Data Analyst 1,"Beaverton, OR",$53K - $93K (Glassdoor est.),,12/03/2021,https://www.glassdoor.com/partner/jobListing.htm?pos=415&ao=1136006&s=58&guid=00000178a4733f56ab6da25debdb1636&src=GD_JOB_AD&t=SR&vt=w&cs=1_6ec05062&cb=1617666719724&jobListingId=4029507623
3.9,CHOP,Data Programmer Analyst I,"Philadelphia, PA",$50K - $88K (Glassdoor est.),New,04/04/2021,https://www.glassdoor.com/partner/jobListing.htm?pos=416&ao=215489&s=58&guid=00000178a4733f56ab6da25debdb1636&src=GD_JOB_AD&t=SR&vt=w&cs=1_c6d380bb&cb=1617666719724&jobListingId=4052611036
2.0,911 Datamaster Inc,9-1-1 Data Analyst,"Austin, TX",,,01/04/2021,https://www.glassdoor.com/partner/jobListing.htm?pos=417&ao=66506&s=58&guid=00000178a4733f56ab6da25debdb1636&src=GD_JOB_AD&t=SR&vt=w&ea=1&cs=1_013ddd61&cb=1617666719724&jobListingId=3789482406
3.6,Mount Sinai,"Data Analyst I, FPA Operations","New York, NY",$37K - $66K (Glassdoor est.),,26/03/2021,https://www.glassdoor.com/partner/jobListing.htm?pos=418&ao=1136006&s=58&guid=00000178a4733f56ab6da25debdb1636&src=GD_JOB_AD&t=SR&vt=w&cs=1_13fd6ead&cb=1617666719725&jobListingId=3809926065
3.5,Amerihealth,"(DE&I) Diversity, Equity & Inclusion Data Analyst [Data Visualization Experience]","Philadelphia, PA",$35K - $64K (Glassdoor est.),Actively Hiring,22/03/2021,https://www.glassdoor.com/partner/jobListing.htm?pos=419&ao=1044074&s=58&guid=00000178a4733f56ab6da25debdb1636&src=GD_JOB_AD&t=SR&vt=w&cs=1_914b6752&cb=1617666719725&jobListingId=4039519055
,Align,Entry Level Data Center Analyst,"Dallas, TX",,,17/03/2021,https://www.glassdoor.com/partner/jobListing.htm?pos=420&ao=1136006&s=58&guid=00000178a4733f56ab6da25debdb1636&src=GD_JOB_AD&t=SR&vt=w&cs=1_50c1d8a4&cb=1617666719726&jobListingId=4035140003
3.8,Ellington Management Group,SUMMER / FALL 2021 CO-OP – SOFTWARE DEVELOPER / DATA ANALYST,"Old Greenwich, CT",$66K - $124K (Glassdoor est.),,30/03/2021,https://www.glassdoor.com/partner/jobListing.htm?pos=421&ao=1136006&s=58&guid=00000178a4733f56ab6da25debdb1636&src=GD_JOB_AD&t=SR&vt=w&cs=1_77b21050&cb=1617666719725&jobListingId=3814999209
3.5,Vidant Health,Healthy Planet Data Application Analyst I,"Greenville, NC",,,16/03/2021,https://www.glassdoor.com/partner/jobListing.htm?pos=422&ao=1091461&s=58&guid=00000178a4733f56ab6da25debdb1636&src=GD_JOB_AD&t=SR&vt=w&cs=1_1dc54782&cb=1617666719725&jobListingId=3801442862
3.5,Alaska USA Federal Credit Union,"Data Center Services Analyst I, II, III, or Senior","Glendale, AZ",$24K - $44K (Glassdoor est.),,01/04/2021,https://www.glassdoor.com/partner/jobListing.htm?pos=423&ao=1136006&s=58&guid=00000178a4733f56ab6da25debdb1636&src=GD_JOB_AD&t=SR&vt=w&cs=1_030cb637&cb=1617666719725&jobListingId=4049656605
3.9,Atlantic Health System,"Data Analyst, I/P Psych. Dept.","Summit, NJ",,,12/03/2021,https://www.glassdoor.com/partner/jobListing.htm?pos=424&ao=394412&s=58&guid=00000178a4733f56ab6da25debdb1636&src=GD_JOB_AD&t=SR&vt=w&cs=1_12b0fb4e&cb=1617666719725&jobListingId=4029804305
,TMMG,(C) DMSMS Jr. Data Analyst (Logistician I) - 150785,"Philadelphia, PA",,,10/03/2021,https://www.glassdoor.com/partner/jobListing.htm?pos=425&ao=1091461&s=58&guid=00000178a4733f56ab6da25debdb1636&src=GD_JOB_AD&t=SR&vt=w&cs=1_aa9a950f&cb=1617666719725&jobListingId=3716673723
3.9,KGS Technology Group Inc,Entry Level Business Analyst/ Data Analyst with training Support,"Michigan, ND",,,15/03/2021,https://www.glassdoor.com/partner/jobListing.htm?pos=426&ao=1136006&s=58&guid=00000178a4733f56ab6da25debdb1636&src=GD_JOB_AD&t=SR&vt=w&ea=1&cs=1_d95d62ac&cb=1617666719726&jobListingId=4033051121
3.6,Mount Sinai,Data Analyst I - Geriatrics and Palliative Care,"New York, NY",$37K - $66K (Glassdoor est.),,17/03/2021,https://www.glassdoor.com/partner/jobListing.htm?pos=427&ao=1136006&s=58&guid=00000178a4733f56ab6da25debdb1636&src=GD_JOB_AD&t=SR&vt=w&cs=1_41bb9831&cb=1617666719726&jobListingId=3667527543
4.1,Guardant Health,"Bioinformatics Scientist I, LUNAR Data Analyst (Seattle, WA or Redwood City, CA)","Seattle, WA",$79K - $129K (Glassdoor est.),Hiring Surge,10/03/2021,https://www.glassdoor.com/partner/jobListing.htm?pos=428&ao=1136006&s=58&guid=00000178a4733f56ab6da25debdb1636&src=GD_JOB_AD&t=SR&vt=w&ea=1&cs=1_25cea6ef&cb=1617666719726&jobListingId=4027758917
3.0,Community Council Of Greater Dallas,Data Analyst I,"Dallas, TX",,,20/03/2021,https://www.glassdoor.com/partner/jobListing.htm?pos=429&ao=1136006&s=58&guid=00000178a4733f56ab6da25debdb1636&src=GD_JOB_AD&t=SR&vt=w&ea=1&cs=1_ac581a0d&cb=1617666719726&jobListingId=4007895576
1.9,Education Logistics,"Data Analyst I, II, or III","Missoula, MT",$25K - $47K (Glassdoor est.),,17/03/2021,https://www.glassdoor.com/partner/jobListing.htm?pos=430&ao=1136006&s=58&guid=00000178a4733f56ab6da25debdb1636&src=GD_JOB_AD&t=SR&vt=w&cs=1_6a6367bd&cb=1617666719726&jobListingId=3667446605
3.6,Shellpoint Mortgage Servicing,Escrow Data Analyst I,"Tempe, AZ",$33K - $59K (Glassdoor est.),,30/03/2021,https://www.glassdoor.com/partner/jobListing.htm?pos=501&ao=768229&s=58&guid=00000178a473f776b82b172185a8bc76&src=GD_JOB_AD&t=SR&vt=w&cs=1_b84b9384&cb=1617666766902&jobListingId=4046031987
,ASC,Entry level IT Business Analyst/Data Analyst (CRM/AB Test),"Cranberry Twp, PA",,New,02/04/2021,https://www.glassdoor.com/partner/jobListing.htm?pos=502&ao=1091454&s=58&guid=00000178a473f776b82b172185a8bc76&src=GD_JOB_AD&t=SR&vt=w&ea=1&cs=1_cf6afcba&cb=1617666766903&jobListingId=4051524770
3.9,Azusa Pacific University,Data Analyst (Student Accounts) - Graduate & Professional Student Financial Service,"Azusa, CA",$28K - $53K (Glassdoor est.),,27/03/2021,https://www.glassdoor.com/partner/jobListing.htm?pos=503&ao=4011&s=58&guid=00000178a473f776b82b172185a8bc76&src=GD_JOB_AD&t=SR&vt=w&cs=1_296f9889&cb=1617666766903&jobListingId=4015738868
3.8,Avalere,"Consultant I, Medicare Claims Data Analyst",Remote,,Hot,11/03/2021,https://www.glassdoor.com/partner/jobListing.htm?pos=504&ao=8095&s=58&guid=00000178a473f776b82b172185a8bc76&src=GD_JOB_AD&t=SR&vt=w&ea=1&cs=1_ac164ccf&cb=1617666766904&jobListingId=3822758134
4.0,H. Lee Moffitt Cancer Center,RSCH DATA ANALYST I BIOINFORMATICS,"Tampa, FL",,Hot,16/03/2021,https://www.glassdoor.com/partner/jobListing.htm?pos=505&ao=1136006&s=58&guid=00000178a473f776b82b172185a8bc76&src=GD_JOB_AD&t=SR&vt=w&cs=1_f65edbaa&cb=1617666766904&jobListingId=4004088628
3.8,IronEdge Group,DATA ANALYST I,"San Antonio, TX",$37K - $68K (Glassdoor est.),,30/03/2021,https://www.glassdoor.com/partner/jobListing.htm?pos=506&ao=1136006&s=58&guid=00000178a473f776b82b172185a8bc76&src=GD_JOB_AD&t=SR&vt=w&cs=1_68938428&cb=1617666766906&jobListingId=4046786182
,Chenega Corporation,Scientific Data Analyst I,"Atlanta, GA",,,27/03/2021,https://www.glassdoor.com/partner/jobListing.htm?pos=507&ao=1008783&s=58&guid=00000178a473f776b82b172185a8bc76&src=GD_JOB_AD&t=SR&vt=w&cs=1_549b2d61&cb=1617666766907&jobListingId=4015654847
3.2,Flagler Health+,"Financial Analyst I - Enterprise Data & Analystics, Full-time days","Saint Augustine, FL",,,31/03/2021,https://www.glassdoor.com/partner/jobListing.htm?pos=508&ao=1136006&s=58&guid=00000178a473f776b82b172185a8bc76&src=GD_JOB_AD&t=SR&vt=w&cs=1_28179258&cb=1617666766907&jobListingId=4047098078
3.9,Citi,"Banking, Capital Markets and Advisory (BCMA) - Investment Banking, Summer Analyst: Data Science Analyst, M&A Strategic Shareholder Advisory - New York","New York, NY",$87K - $111K (Glassdoor est.),Hot,09/03/2021,https://www.glassdoor.com/partner/jobListing.htm?pos=509&ao=133266&s=58&guid=00000178a473f776b82b172185a8bc76&src=GD_JOB_AD&t=SR&vt=w&cs=1_eefdec92&cb=1617666766908&jobListingId=3820863253
3.3,PAE,Computer System Analyst I - Data Processing,"Patuxent River, MD",$54K - $92K (Glassdoor est.),New,02/04/2021,https://www.glassdoor.com/partner/jobListing.htm?pos=510&ao=1091461&s=58&guid=00000178a473f776b82b172185a8bc76&src=GD_JOB_AD&t=SR&vt=w&cs=1_2e7eb3d9&cb=1617666766908&jobListingId=4023242536
3.1,NSF International,Safety Data Analyst I,"Germantown, MD",$47K - $81K (Glassdoor est.),,17/03/2021,https://www.glassdoor.com/partner/jobListing.htm?pos=511&ao=1091461&s=58&guid=00000178a473f776b82b172185a8bc76&src=GD_JOB_AD&t=SR&vt=w&cs=1_4c2a39ff&cb=1617666766908&jobListingId=4005520519
3.0,Hi-Lite Airfield Services,Staff Accountant/Entry Level Data Analyst,"Bradenton, FL",,,26/03/2021,https://www.glassdoor.com/partner/jobListing.htm?pos=512&ao=1136006&s=58&guid=00000178a473f776b82b172185a8bc76&src=GD_JOB_AD&t=SR&vt=w&ea=1&cs=1_70a059dd&cb=1617666766909&jobListingId=4043210841
3.9,Children's Hospital of Philadelphia,Financial Data Analyst I,"Philadelphia, PA",$28K - $53K (Glassdoor est.),,14/03/2021,https://www.glassdoor.com/partner/jobListing.htm?pos=513&ao=1091461&s=58&guid=00000178a473f776b82b172185a8bc76&src=GD_JOB_AD&t=SR&vt=w&cs=1_0b482bc4&cb=1617666766909&jobListingId=4031304028
,PRECISIONxtract,Data Management Analyst I & II,"New York, NY",,,30/03/2021,https://www.glassdoor.com/partner/jobListing.htm?pos=514&ao=1136006&s=58&guid=00000178a473f776b82b172185a8bc76&src=GD_JOB_AD&t=SR&vt=w&cs=1_06ca7edd&cb=1617666766910&jobListingId=3814473190
3.0,Precision Medicine Group,Data Management Analyst I&II,Massachusetts,,,31/03/2021,https://www.glassdoor.com/partner/jobListing.htm?pos=515&ao=1136006&s=58&guid=00000178a473f776b82b172185a8bc76&src=GD_JOB_AD&t=SR&vt=w&cs=1_7b8bc419&cb=1617666766910&jobListingId=4048479061
4.4,University of Tennessee,Data Analyst I- General Internal Medicine,"Memphis, TN",,,14/03/2021,https://www.glassdoor.com/partner/jobListing.htm?pos=516&ao=1136006&s=58&guid=00000178a473f776b82b172185a8bc76&src=GD_JOB_AD&t=SR&vt=w&cs=1_45c6744e&cb=1617666766910&jobListingId=4031386683
3.5,MMG Insurance,IS Data Analyst I,"New England, ND",,,25/03/2021,https://www.glassdoor.com/partner/jobListing.htm?pos=517&ao=1136006&s=58&guid=00000178a473f776b82b172185a8bc76&src=GD_JOB_AD&t=SR&vt=w&cs=1_ee7a3edd&cb=1617666766910&jobListingId=4014417308
3.0,Zayo Group,"Analyst I, Data Analytics","Boulder, CO",$28K - $51K (Glassdoor est.),,24/03/2021,https://www.glassdoor.com/partner/jobListing.htm?pos=518&ao=1136006&s=58&guid=00000178a473f776b82b172185a8bc76&src=GD_JOB_AD&t=SR&vt=w&cs=1_7a5a7d61&cb=1617666766910&jobListingId=4041211907
3.4,Apollo Medical Holdings,Healthcare Data Analyst I,California,,,01/04/2021,https://www.glassdoor.com/partner/jobListing.htm?pos=519&ao=46442&s=58&guid=00000178a473f776b82b172185a8bc76&src=GD_JOB_AD&t=SR&vt=w&cs=1_e96bb2e8&cb=1617666766910&jobListingId=4048684732
3.5,Cloud Lake,Project Data Analyst I - Administrative / Financial (Secret clearance required),"Chantilly, VA",,,27/03/2021,https://www.glassdoor.com/partner/jobListing.htm?pos=520&ao=1091461&s=58&guid=00000178a473f776b82b172185a8bc76&src=GD_JOB_AD&t=SR&vt=w&cs=1_38112358&cb=1617666766910&jobListingId=4044067475
3.9,Brigham & Women's Hospital(BWH),Data Analyst I BWH NEUROLOGY,"Boston, MA",$30K - $53K (Glassdoor est.),,31/03/2021,https://www.glassdoor.com/partner/jobListing.htm?pos=521&ao=25073&s=58&guid=00000178a473f776b82b172185a8bc76&src=GD_JOB_AD&t=SR&vt=w&cs=1_b1aff672&cb=1617666766910&jobListingId=4047563243
3.5,Cloud Lake,Administrative / Financial - Project Data Analyst I (Secret or ability to obtain),"Chantilly, VA",,,25/03/2021,https://www.glassdoor.com/partner/jobListing.htm?pos=522&ao=1091461&s=58&guid=00000178a473f776b82b172185a8bc76&src=GD_JOB_AD&t=SR&vt=w&cs=1_f53866df&cb=1617666766911&jobListingId=3783541235
,Hiretual,Business Analyst - Product & Data (1-3 yr exp),"Mountain View, CA",,,30/03/2021,https://www.glassdoor.com/partner/jobListing.htm?pos=523&ao=1136006&s=58&guid=00000178a473f776b82b172185a8bc76&src=GD_JOB_AD&t=SR&vt=w&ea=1&cs=1_414733e0&cb=1617666766911&jobListingId=4047234969
4.1,Friedmans Home Improvement,Electronic Data Interchange (EDI) Analyst I / II,"Petaluma, CA",,,25/03/2021,https://www.glassdoor.com/partner/jobListing.htm?pos=524&ao=1136006&s=58&guid=00000178a473f776b82b172185a8bc76&src=GD_JOB_AD&t=SR&vt=w&ea=1&cs=1_65e56cf9&cb=1617666766911&jobListingId=3783633921
3.6,NYC Health + Hospitals,"Mental Health Data Analyst (City Research Scientist L I), Correctional Health Services. *Mon-Fri 9-5*","New York, NY",$55K - $94K (Glassdoor est.),,17/03/2021,https://www.glassdoor.com/partner/jobListing.htm?pos=525&ao=1136006&s=58&guid=00000178a473f776b82b172185a8bc76&src=GD_JOB_AD&t=SR&vt=w&cs=1_c170a575&cb=1617666766911&jobListingId=3667505555
3.7,Akima Management Services,Project Data Analyst I - Administrative / Financial (Secret clearance required),"Chantilly, VA",$48K - $87K (Glassdoor est.),,26/03/2021,https://www.glassdoor.com/partner/jobListing.htm?pos=526&ao=3839&s=58&guid=00000178a473f776b82b172185a8bc76&src=GD_JOB_AD&t=SR&vt=w&cs=1_e13143cf&cb=1617666766911&jobListingId=4043837222
,CACIB Crédit Agricole Corporate and Investment Bank (Singapore),CIT Butterfly June 2021 - Data & Analytics Business Analyst #1,United States,,,16/03/2021,https://www.glassdoor.com/partner/jobListing.htm?pos=527&ao=4128&s=58&guid=00000178a473f776b82b172185a8bc76&src=GD_JOB_AD&t=SR&vt=w&cs=1_1d096447&cb=1617666766911&jobListingId=4033918609
3.9,Cleveland Clinic,Data Integrity Financial Analyst I position,"Beachwood, OH",$30K - $46K (Glassdoor est.),,31/03/2021,https://www.glassdoor.com/partner/jobListing.htm?pos=528&ao=1091461&s=58&guid=00000178a473f776b82b172185a8bc76&src=GD_JOB_AD&t=SR&vt=w&cs=1_1b1b88d1&cb=1617666766911&jobListingId=4047857381
3.0,Risk Solutions,Data Analyst I - Unix Command Line,"Alpharetta, GA",,New,03/04/2021,https://www.glassdoor.com/partner/jobListing.htm?pos=529&ao=25073&s=58&guid=00000178a473f776b82b172185a8bc76&src=GD_JOB_AD&t=SR&vt=w&cs=1_f440a89f&cb=1617666766911&jobListingId=4051782004
3.9,Citibank,"Banking, Capital Markets and Advisory (BCMA) - Investment Banking, Summer Analyst: Data Science Analyst, M&A Strategic Shareholder Advisory - New York","New York, NY",$72K - $93K (Glassdoor est.),Hot,09/03/2021,https://www.glassdoor.com/partner/jobListing.htm?pos=530&ao=37049&s=58&guid=00000178a473f776b82b172185a8bc76&src=GD_JOB_AD&t=SR&vt=w&cs=1_a43c1195&cb=1617666766912&jobListingId=3820863275
2.9,Inovalon,"Consultant I, Medicare Claims Data Analyst",Remote,,Hot,11/03/2021,https://www.glassdoor.com/partner/jobListing.htm?pos=601&ao=8095&s=58&guid=00000178a474a81494990bae16ec1886&src=GD_JOB_AD&t=SR&vt=w&ea=1&cs=1_937882b0&cb=1617666812152&jobListingId=3822758159
3.4,Select Medical,Data Center Operations Support Analyst I,"Addison, TX",$27K - $48K (Glassdoor est.),,16/03/2021,https://www.glassdoor.com/partner/jobListing.htm?pos=602&ao=1020558&s=58&guid=00000178a474a81494990bae16ec1886&src=GD_JOB_AD&t=SR&vt=w&cs=1_108b948f&cb=1617666812155&jobListingId=4034407869
3.1,Telephone & Data Systems,GIS Data Analyst I - Route Acquisition,"Madison, WI",$29K - $51K (Glassdoor est.),,01/04/2021,https://www.glassdoor.com/partner/jobListing.htm?pos=603&ao=1020558&s=58&guid=00000178a474a81494990bae16ec1886&src=GD_JOB_AD&t=SR&vt=w&cs=1_d8b208bd&cb=1617666812156&jobListingId=4021604879
4.3,National Indemnity Company,Insurance Data Analyst I or II,"Omaha, NE",$35K - $63K (Glassdoor est.),New,03/04/2021,https://www.glassdoor.com/partner/jobListing.htm?pos=604&ao=1136006&s=58&guid=00000178a474a81494990bae16ec1886&src=GD_JOB_AD&t=SR&vt=w&cs=1_82d4125b&cb=1617666812159&jobListingId=3712391732
,Acquisition Professionals LLC,Data Analyst I / RSP Program Coordinator,"Marietta, GA",,,19/03/2021,https://www.glassdoor.com/partner/jobListing.htm?pos=605&ao=1091461&s=58&guid=00000178a474a81494990bae16ec1886&src=GD_JOB_AD&t=SR&vt=w&ea=1&cs=1_9cd320b9&cb=1617666812160&jobListingId=4037011715
1.7,"Jackson County, OR",7687-DATA/PROPERTY ANALYST I (Assessment),"Medford, OR",,New,02/04/2021,https://www.glassdoor.com/partner/jobListing.htm?pos=606&ao=1136006&s=58&guid=00000178a474a81494990bae16ec1886&src=GD_JOB_AD&t=SR&vt=w&cs=1_cc2ee4d0&cb=1617666812161&jobListingId=4050346966
4.6,,Data Integration Analyst I,"Germantown, WI",,,24/03/2021,https://www.glassdoor.com/partner/jobListing.htm?pos=607&ao=1136006&s=58&guid=00000178a474a81494990bae16ec1886&src=GD_JOB_AD&t=SR&vt=w&cs=1_94c09085&cb=1617666812161&jobListingId=4013168447
3.5,Centene Corporation,Provider Data Management Analyst I,"Chesterfield, MO",$25K - $54K (Glassdoor est.),,09/03/2021,https://www.glassdoor.com/partner/jobListing.htm?pos=608&ao=291823&s=58&guid=00000178a474a81494990bae16ec1886&src=GD_JOB_AD&t=SR&vt=w&cs=1_4da683b9&cb=1617666812161&jobListingId=4026473155
3.8,ASAP Solutions,BUS ANAL - Data Analyst - BMS - NJ - 36961-1,New Jersey,,New,03/04/2021,https://www.glassdoor.com/partner/jobListing.htm?pos=609&ao=1136006&s=58&guid=00000178a474a81494990bae16ec1886&src=GD_JOB_AD&t=SR&vt=w&cs=1_b97e8f0f&cb=1617666812161&jobListingId=4051595434
3.9,Brigham & Women's Hospital(BWH),DATA ANALYST I /40 HOURS / BWH NEUROLOGY,"Boston, MA",$30K - $53K (Glassdoor est.),New,04/04/2021,https://www.glassdoor.com/partner/jobListing.htm?pos=610&ao=25073&s=58&guid=00000178a474a81494990bae16ec1886&src=GD_JOB_AD&t=SR&vt=w&cs=1_c341fda1&cb=1617666812161&jobListingId=4052001773
3.9,Chenega Corporation,Scientific Data Analyst I,"Atlanta, GA",$39K - $72K (Glassdoor est.),Actively Hiring,23/03/2021,https://www.glassdoor.com/partner/jobListing.htm?pos=611&ao=1008783&s=58&guid=00000178a474a81494990bae16ec1886&src=GD_JOB_AD&t=SR&vt=w&cs=1_8d21e3e2&cb=1617666812161&jobListingId=4012077577
4.1,Louisiana State University,Customer Service Analyst (Data Analyst 1),"Baton Rouge, LA",$41K - $89K (Glassdoor est.),,03/04/2021,https://www.glassdoor.com/partner/jobListing.htm?pos=612&ao=1136006&s=58&guid=00000178a474a81494990bae16ec1886&src=GD_JOB_AD&t=SR&vt=w&cs=1_d6a23a08&cb=1617666812162&jobListingId=4023775510
3.2,Chenega Enterprise Systems & Solutions,SharePoint Data Analyst I,"Atlanta, GA",,,18/03/2021,https://www.glassdoor.com/partner/jobListing.htm?pos=613&ao=4008&s=58&guid=00000178a474a81494990bae16ec1886&src=GD_JOB_AD&t=SR&vt=w&cs=1_7ef6ebd8&cb=1617666812162&jobListingId=4006468769
3.9,Brigham & Women's Hospital(BWH),DATA ANALYST I / 40 HOURS / BWH NEUROLOGY,"Boston, MA",$34K - $62K (Glassdoor est.),,04/04/2021,https://www.glassdoor.com/partner/jobListing.htm?pos=614&ao=25073&s=58&guid=00000178a474a81494990bae16ec1886&src=GD_JOB_AD&t=SR&vt=w&cs=1_b6e59bdc&cb=1617666812162&jobListingId=4052002357
,Optimized Technical Solutions,Air Transportation Data Analyst 1,"Scott AFB, IL",,,24/03/2021,https://www.glassdoor.com/partner/jobListing.htm?pos=615&ao=152916&s=58&guid=00000178a474a81494990bae16ec1886&src=GD_JOB_AD&t=SR&vt=w&ea=1&cs=1_2772aec1&cb=1617666812162&jobListingId=4040929986
3.7,Akima Management Services,Administrative / Financial - Project Data Analyst I (Secret or ability to obtain),"Chantilly, VA",,,25/03/2021,https://www.glassdoor.com/partner/jobListing.htm?pos=616&ao=3839&s=58&guid=00000178a474a81494990bae16ec1886&src=GD_JOB_AD&t=SR&vt=w&cs=1_e18073b7&cb=1617666812162&jobListingId=3783540598
4.1,University of Tennessee Health Science Center,Data Analyst I- General Internal Medicine,"Memphis, TN",$30K - $53K (Glassdoor est.),,12/03/2021,https://www.glassdoor.com/partner/jobListing.htm?pos=617&ao=1136006&s=58&guid=00000178a474a81494990bae16ec1886&src=GD_JOB_AD&t=SR&vt=w&cs=1_88da196d&cb=1617666812162&jobListingId=4029762846
4.1,Louisiana State University,Analyst- Data Processing 1 or,"Baton Rouge, LA",$31K - $54K (Glassdoor est.),,24/03/2021,https://www.glassdoor.com/partner/jobListing.htm?pos=618&ao=1136006&s=58&guid=00000178a474a81494990bae16ec1886&src=GD_JOB_AD&t=SR&vt=w&cs=1_4b2e566e&cb=1617666812163&jobListingId=4041500580
4.5,RiskSpan,May 2021 graduates - Associate Data Analyst - Financial Services,"Arlington, VA",,,26/03/2021,https://www.glassdoor.com/partner/jobListing.htm?pos=619&ao=1091461&s=58&guid=00000178a474a81494990bae16ec1886&src=GD_JOB_AD&t=SR&vt=w&cs=1_49c11b54&cb=1617666812163&jobListingId=4043939252
,Arkansas Center for Data Sciences,Data Analyst 1- Insights and Strategy Analyst,"Bentonville, AR",,,25/03/2021,https://www.glassdoor.com/partner/jobListing.htm?pos=620&ao=8095&s=58&guid=00000178a474a81494990bae16ec1886&src=GD_JOB_AD&t=SR&vt=w&cs=1_052b896e&cb=1617666812163&jobListingId=4014104631
3.6,M&T Bank,Treasury Data Analyst I,"Buffalo, NY",$49K - $85K (Glassdoor est.),Hot,10/03/2021,https://www.glassdoor.com/partner/jobListing.htm?pos=621&ao=1136006&s=58&guid=00000178a474a81494990bae16ec1886&src=GD_JOB_AD&t=SR&vt=w&cs=1_be6f697e&cb=1617666812163&jobListingId=4028237498
3.6,Emory,Information Analyst I – Data Management - Resource Advancement,"Atlanta, GA",$33K - $62K (Glassdoor est.),,23/03/2021,https://www.glassdoor.com/partner/jobListing.htm?pos=622&ao=1020558&s=58&guid=00000178a474a81494990bae16ec1886&src=GD_JOB_AD&t=SR&vt=w&cs=1_517bae4b&cb=1617666812163&jobListingId=4040889957
3.7,Akima Management Services,Project Data Analyst 1 - JPAS/Security Packages (Active Secret Clearance Required),"Chantilly, VA",$69K - $73K (Glassdoor est.),,31/03/2021,https://www.glassdoor.com/partner/jobListing.htm?pos=623&ao=3839&s=58&guid=00000178a474a81494990bae16ec1886&src=GD_JOB_AD&t=SR&vt=w&cs=1_a31231df&cb=1617666812163&jobListingId=3739488749
,CCS Global Tech,Data Analyst II Database developer II Entry level II Full-time,"Los Angeles, CA",,,30/03/2021,https://www.glassdoor.com/partner/jobListing.htm?pos=624&ao=1136006&s=58&guid=00000178a474a81494990bae16ec1886&src=GD_JOB_AD&t=SR&vt=w&ea=1&cs=1_ebf8f551&cb=1617666812163&jobListingId=4047232524
3.5,Cloud Lake,Project Data Analyst 1 - JPAS/Security Packages (Active Secret Clearance Required),"Chantilly, VA",,,31/03/2021,https://www.glassdoor.com/partner/jobListing.htm?pos=625&ao=1091461&s=58&guid=00000178a474a81494990bae16ec1886&src=GD_JOB_AD&t=SR&vt=w&cs=1_73e85758&cb=1617666812164&jobListingId=3739713675
3.7,"Business Management Associates, Inc.",Workforce Planning Support (I/O Psychologist/Data Analyst),"Washington, DC",,,18/03/2021,https://www.glassdoor.com/partner/jobListing.htm?pos=626&ao=1091461&s=58&guid=00000178a474a81494990bae16ec1886&src=GD_JOB_AD&t=SR&vt=w&ea=1&cs=1_4e042b98&cb=1617666812164&jobListingId=4006515454
4.1,Louisiana State University,Graduate Systems & Data Analyst (Computer Analyst 2),"Baton Rouge, LA",$30K - $48K (Glassdoor est.),,17/03/2021,https://www.glassdoor.com/partner/jobListing.htm?pos=627&ao=1136006&s=58&guid=00000178a474a81494990bae16ec1886&src=GD_JOB_AD&t=SR&vt=w&cs=1_8c0c6735&cb=1617666812164&jobListingId=4034490497
3.9,Nationwide Children's Hospital,Clinical Research Data Analyst I - Clinical Research Services,"Columbus, OH",$36K - $61K (Glassdoor est.),,18/03/2021,https://www.glassdoor.com/partner/jobListing.htm?pos=628&ao=1020558&s=58&guid=00000178a474a81494990bae16ec1886&src=GD_JOB_AD&t=SR&vt=w&cs=1_b77d0a82&cb=1617666812164&jobListingId=4036786406
4.3,University of Utah,Bioinformatics Data Analyst I,"Salt Lake City, UT",$30K - $53K (Glassdoor est.),Hot,09/03/2021,https://www.glassdoor.com/partner/jobListing.htm?pos=629&ao=1136006&s=58&guid=00000178a474a81494990bae16ec1886&src=GD_JOB_AD&t=SR&vt=w&cs=1_e197a261&cb=1617666812164&jobListingId=4025628067
3.9,US Army,Data Collector and Analyst (Entry Level),"Missouri City, TX",$8 - $19 Per Hour(Glassdoor est.),,04/04/2021,https://www.glassdoor.com/partner/jobListing.htm?pos=630&ao=226251&s=58&guid=00000178a474a81494990bae16ec1886&src=GD_JOB_AD&t=SR&vt=w&cs=1_4082e620&cb=1617666812164&jobListingId=4052673026
,Lawyer Legion,Entry Level Data Analyst for Lawyer Legion (Houston),"Houston, TX",,Hot,18/03/2021,https://www.glassdoor.com/partner/jobListing.htm?pos=701&ao=1136006&s=58&guid=00000178a4755d878560019f991dd197&src=GD_JOB_AD&t=SR&vt=w&cs=1_2fc3a3ac&cb=1617666858733&jobListingId=3670398559
3.5,Alaska USA Federal Credit Union,"Data Center Services Analyst I, II, III, Senior","Anchorage, AK",$26K - $48K (Glassdoor est.),,26/03/2021,https://www.glassdoor.com/partner/jobListing.htm?pos=702&ao=1136006&s=58&guid=00000178a4755d878560019f991dd197&src=GD_JOB_AD&t=SR&vt=w&cs=1_23a8f9da&cb=1617666858733&jobListingId=4043112108
4.0,JT4,"College Career Fair Student Interest Only - Data Analyst I - Edwards, CA","Edwards, CA",,,09/03/2021,https://www.glassdoor.com/partner/jobListing.htm?pos=703&ao=1136006&s=58&guid=00000178a4755d878560019f991dd197&src=GD_JOB_AD&t=SR&vt=w&cs=1_8f4e0c74&cb=1617666858733&jobListingId=3688033309
4.2,Emory University,Information Analyst I – Data Management - Resource Advancement,"Atlanta, GA",$28K - $57K (Glassdoor est.),,24/03/2021,https://www.glassdoor.com/partner/jobListing.htm?pos=704&ao=1091461&s=58&guid=00000178a4755d878560019f991dd197&src=GD_JOB_AD&t=SR&vt=w&cs=1_516729de&cb=1617666858733&jobListingId=4041079117
3.4,"Fay Servicing, LLC",Data Validation Analyst I,"Farmers Branch, TX",$29K - $53K (Glassdoor est.),,31/03/2021,https://www.glassdoor.com/partner/jobListing.htm?pos=705&ao=1136006&s=58&guid=00000178a4755d878560019f991dd197&src=GD_JOB_AD&t=SR&vt=w&ea=1&cs=1_692b81f4&cb=1617666858733&jobListingId=4048203359
4.1,TDS Telecom,GIS Data Analyst I - Route Acquisition,"Madison, WI",$28K - $51K (Glassdoor est.),,01/04/2021,https://www.glassdoor.com/partner/jobListing.htm?pos=706&ao=1136006&s=58&guid=00000178a4755d878560019f991dd197&src=GD_JOB_AD&t=SR&vt=w&cs=1_429b54e5&cb=1617666858733&jobListingId=4021262254
3.6,NYC Health + Hospitals,"DnA Ambassador (Clinical Business Analyst - Level 1), Data & Analytics","New York, NY",$47K - $88K (Glassdoor est.),,10/03/2021,https://www.glassdoor.com/partner/jobListing.htm?pos=707&ao=1136006&s=58&guid=00000178a4755d878560019f991dd197&src=GD_JOB_AD&t=SR&vt=w&cs=1_00531b62&cb=1617666858733&jobListingId=3689003385
3.8,Capgemini,Applications Consultant 1 - SAP Data Migration Analyst - SDC,"Houston, TX",$41K - $61K (Glassdoor est.),,08/03/2021,https://www.glassdoor.com/partner/jobListing.htm?pos=708&ao=3839&s=58&guid=00000178a4755d878560019f991dd197&src=GD_JOB_AD&t=SR&vt=w&cs=1_fc975776&cb=1617666858733&jobListingId=3793768227
,Army Houston Recruiting Battalion,Data Collector and Analyst - Entry Level,"Houston, TX",,,26/03/2021,https://www.glassdoor.com/partner/jobListing.htm?pos=709&ao=1136006&s=58&guid=00000178a4755d878560019f991dd197&src=GD_JOB_AD&t=SR&vt=w&ea=1&cs=1_37b35de9&cb=1617666858734&jobListingId=4043428998
3.8,Niagara Bottling,Financial Analyst I (Data),"Diamond Bar, CA",$43K - $68K (Glassdoor est.),,24/03/2021,https://www.glassdoor.com/partner/jobListing.htm?pos=710&ao=1136006&s=58&guid=00000178a4755d878560019f991dd197&src=GD_JOB_AD&t=SR&vt=w&cs=1_99cbd137&cb=1617666858734&jobListingId=4041272082
3.1,Albany Molecular Research,Quality Control Analyst I/II – Data Reviewer,"Rensselaer, NY",$33K - $52K (Glassdoor est.),,10/03/2021,https://www.glassdoor.com/partner/jobListing.htm?pos=711&ao=1136006&s=58&guid=00000178a4755d878560019f991dd197&src=GD_JOB_AD&t=SR&vt=w&cs=1_dc5f65e4&cb=1617666858734&jobListingId=3771977509
